{
  "min_lat": 39.765254954954955,
  "max_lat": 39.85534504504504,
  "min_lon": -121.4963395414564,
  "max_lon": -121.37906045854362,
  "cell_size_m": 500,
  "grid_rows": 20,
  "grid_cols": 21
}