{
  "min_lat": 40.47990990990991,
  "max_lat": 40.660090090090094,
  "min_lon": -122.49860014886316,
  "max_lon": -122.26139985113683,
  "cell_size_m": 100.0,
  "grid_rows": 201,
  "grid_cols": 201
}