{
  "min_lat": 38.84981,
  "max_lat": 39.02999,
  "min_lon": -120.093026,
  "max_lon": -119.861374,
  "cell_size_m": 100.0,
  "grid_rows": 199,
  "grid_cols": 200
}