{
  "min_lat": 39.720209909909904,
  "max_lat": 39.90039009009009,
  "min_lon": -121.55497908291278,
  "max_lon": -121.32042091708723,
  "cell_size_m": 100.0,
  "grid_rows": 201,
  "grid_cols": 201
}