{
  "min_lat": 33.93581,
  "max_lat": 34.11599,
  "min_lon": -118.888501,
  "max_lon": -118.671099,
  "cell_size_m": 100.0,
  "grid_rows": 199,
  "grid_cols": 199
}