{
  "min_lat": 39.669909909909904,
  "max_lat": 39.85009009009009,
  "min_lon": -121.2771933769141,
  "max_lon": -121.0428066230859,
  "cell_size_m": 100.0,
  "grid_rows": 201,
  "grid_cols": 201
}