{
  "min_lat": 49.909909909909906,
  "max_lat": 50.090090090090094,
  "min_lon": -180.14015529971715,
  "max_lon": -179.85984470028285,
  "cell_size_m": 100.0,
  "grid_rows": 201,
  "grid_cols": 200
}