{
  "min_lat": 36.18031,
  "max_lat": 36.36049,
  "min_lon": -121.919842,
  "max_lon": -121.696358,
  "cell_size_m": 100.0,
  "grid_rows": 199,
  "grid_cols": 200
}